Time,1,2,3,4,5,6,7,8,9,10,Average
0.0,0.0,0.0,0.0,0.0,0.0,0.0,0.0,0.0,0.0,0.0,0.0
210.71900000000002,15893679.0,5652504.0,2726999.5714285714,2281861.3333333335,1624621.9285714286,1567218.8,1432042.7647058824,1825669.75,1929052.9090909092,3604853.4,3853850.345713012
210.852,15969699.0,11305008.0,5453999.142857143,4563722.666666667,3249243.8571428573,3134437.6,2864085.529411765,3651339.5,3858105.8181818184,7209706.8,6125934.791426024
224.446,17391761.11764706,16957512.0,8180998.714285715,6845584.0,4873865.785714285,4701656.4,4296128.294117647,5477009.25,5787158.7272727275,10814560.2,8532623.448903745
224.613,18813823.23529412,16957512.0,10907998.285714285,9127445.333333334,6498487.714285715,6268875.2,5728171.05882353,7302679.0,7716211.636363637,14419413.6,10374061.706381463
238.361,20235885.352941178,18449504.0625,13634997.857142856,11409306.666666668,8123109.642857144,7836094.0,7160213.823529412,9128348.75,9645264.545454547,18024267.0,12364699.17010918
238.505,21657947.470588237,19941496.125,16361997.42857143,13691168.0,9747731.57142857,9403312.8,8592256.588235294,10954018.5,11574317.454545455,18024267.0,13994851.293836897
252.74400000000003,23080009.588235296,21433488.1875,19088997.0,15973029.333333334,11372353.5,10970531.6,10024299.352941178,12779688.25,13503370.363636363,19535320.3125,15776108.748814618
252.887,24502071.70588235,22925480.25,19089222.0,18254890.666666668,12996975.42857143,12537750.4,11456342.11764706,14605358.0,15432423.272727273,21046373.625,17284688.74664948
271.362,25924133.82352941,24417472.3125,20605012.5,20536752.0,14621597.357142858,14104969.200000001,12888384.88235294,16431027.75,17361476.181818184,22557426.9375,18944825.29448434
271.531,27346195.94117647,25909464.375,22120803.0,20536752.0,16246219.285714287,15672188.0,14320427.647058824,18256697.5,19290529.090909094,24068480.25,20376775.70898587
280.433,28768258.05882353,27401456.4375,23636593.5,22014490.3125,17870841.214285716,17239406.8,15752470.411764707,20082367.25,21219582.0,25579533.5625,21956499.954737395
288.822,30190320.17647059,28893448.5,25152384.0,23492228.625,19495463.14285714,18806625.6,17184513.17647059,21908037.0,22646195.11764706,27090586.875,23485980.221344538
288.99,31612382.294117644,30385440.5625,26668174.5,24969966.9375,21120085.07142857,20373844.400000002,18616555.94117647,21908037.0,24072808.23529412,28601640.1875,24832893.51295168
301.077,33034444.411764704,31877432.625,28183965.0,26447705.25,22744707.0,21941063.2,20048598.705882356,23343514.23529412,25499421.352941178,30112693.5,26323354.528088238
309.77099999999996,34456506.52941176,33369424.6875,29699755.5,27925443.5625,24189180.88235294,23508282.0,21480641.470588237,24778991.470588237,26926034.470588237,31623746.8125,27795800.738602944
309.941,35878568.64705882,34861416.75,31215546.0,29403181.875,25633654.76470588,23508507.0,22912684.23529412,26214468.70588235,28352647.588235296,33134800.125,29111547.569117643
320.943,37300630.76470588,36353408.8125,32731336.5,30880920.1875,27078128.647058822,25048053.75,24344727.0,27649945.94117647,29779260.70588235,34645853.4375,30581226.574632354
321.084,38722692.88235294,37845400.875,34247127.0,32358658.5,28522602.529411763,26587600.5,24344727.0,29085423.17647059,31205873.82352941,36156906.75,31907701.303676475
529.104,40144755.0,39337392.9375,35762917.5,33836396.8125,29967076.411764704,28127147.25,25888983.0,30520900.411764704,32632486.94117647,37667960.0625,33388601.63272059
537.8009999999999,41568174.333333336,40829385.0,37278708.0,35314135.125,31411550.29411765,29666694.0,27433239.0,31956377.647058822,34059100.058823526,39179013.375,34869637.68333333
537.918,42991593.666666664,40829385.0,38794498.5,36791873.4375,32856024.17647059,31206240.75,28977495.0,33391854.88235294,35485713.17647059,40690066.6875,36201474.52769608
556.197,44415013.0,42269710.166666664,40310289.0,38269611.75,34300498.058823526,32745787.5,30521751.0,34827332.11764706,36912326.294117644,42201120.0,37677343.88872549
556.278,45838432.333333336,43710035.333333336,41826079.5,39747350.0625,35744971.941176474,34285334.25,32066007.0,36262809.35294118,38338939.4117647,42201120.0,39002107.9185049
571.369,47261851.666666664,45150360.5,43341870.0,41225088.375,37189445.82352941,35824881.0,33610263.0,37698286.58823529,39765552.52941176,43624539.333333336,40469213.88161765
571.5509999999999,48685271.0,46590685.666666664,43341870.0,42702826.6875,38633919.705882356,37364427.75,35154519.0,39133763.82352941,41192165.64705882,45047958.666666664,41784740.794730395
582.7,50108690.33333333,48031010.833333336,44773706.166666664,44180565.0,40078393.5882353,38903974.5,36698775.0,40569241.058823526,42618778.76470588,46471378.0,43243451.3245098
582.78,51532109.666666664,49471336.0,46205542.333333336,44256585.0,41522867.47058824,40443521.25,38243031.0,42004718.294117644,44045391.88235294,47894797.333333336,44561990.023039214
599.554,52955529.0,50911661.16666667,47637378.5,45713761.166666664,42967341.35294118,41983068.0,39787287.0,43440195.52941176,45472005.0,49318216.666666664,46018644.3382353
599.633,54378948.33333333,52351986.333333336,49069214.666666664,47170937.333333336,44411815.23529412,43522614.75,41331543.0,44875672.76470588,45472005.0,50741636.0,47332637.34166666
610.366,55802367.666666664,53792311.5,50501050.833333336,48628113.5,45856289.11764706,45062161.5,42875799.0,46311150.0,46924957.833333336,52165055.33333333,48791925.628431365
623.445,57225787.0,55232636.66666667,51932887.0,50085289.666666664,47300763.0,46601708.25,44420055.0,47675521.89473684,48377910.666666664,53588474.666666664,50244103.38114035
634.302,58649206.33333333,56672961.833333336,53364723.16666667,51542465.833333336,48649154.21052632,48141255.0,45964311.0,49039893.78947368,49830863.5,55011894.0,51686672.86666666
634.433,60072625.666666664,58113287.0,54796559.333333336,52999642.0,49997545.421052635,48141255.0,47508567.0,50404265.684210524,51283816.333333336,56435313.33333333,52975287.67719298
646.053,61496045.0,59553612.16666667,56228395.5,54456818.16666667,51345936.631578945,49573053.666666664,49052823.0,51768637.578947365,52736769.166666664,57858732.666666664,54407082.35438597
646.131,62919464.33333333,60993937.333333336,57660231.66666667,55913994.333333336,52694327.84210526,51004852.333333336,49052823.0,53133009.47368421,54189722.0,59282152.0,55684451.43157895
658.8380000000001,64342883.666666664,62434262.5,59092067.833333336,57371170.5,54042719.05263158,52436651.0,50042883.0,54497381.36842105,55642674.83333333,60705571.33333333,57060826.50877193
866.6010000000001,65766303.0,63874587.66666667,60523904.0,58828346.66666667,55391110.2631579,53868449.666666664,51505243.76470588,55861753.2631579,57095627.666666664,62128990.666666664,58484431.66243551
866.697,65766303.0,65314912.833333336,61955740.16666667,60285522.833333336,56739501.47368421,55300248.333333336,52967604.52941176,57226125.15789474,58548580.5,63552410.0,59765694.88276573
879.454,67339094.625,66755238.0,63387576.333333336,61742699.0,58087892.684210524,56732047.0,54429965.294117644,58590497.05263158,60001533.33333333,64975829.33333333,61204237.26559599
879.613,68911886.25,66755238.0,64819412.5,63199875.16666667,59436283.89473684,58163845.66666667,55892326.058823526,59954868.94736842,61454486.166666664,66399248.666666664,62498747.13175954
893.765,70484677.875,68342359.3125,66251248.66666667,64657051.333333336,60784675.10526316,59595644.333333336,57354686.823529415,61319240.84210526,62907439.0,67822668.0,63951969.129173115
893.8480000000001,72057469.5,69929480.625,67683084.83333334,66114227.5,62133066.315789476,61027443.0,58817047.5882353,62683612.7368421,64360391.83333333,67822668.0,65262849.19325336
910.799,73630261.125,71516601.9375,69114921.0,67571403.66666667,63481457.52631579,62459241.66666667,60279408.35294118,64047984.631578945,65813344.666666664,69395417.4375,66731004.201083586
910.878,75203052.75,73103723.25,69114921.0,69028579.83333334,64829848.7368421,63891040.333333336,61741769.11764706,65412356.52631579,67266297.5,70968166.875,68055975.59224716
928.439,76775844.375,74690844.5625,70673520.5625,70485756.0,66178239.94736842,65322839.0,63204129.88235294,66776728.421052635,68719250.33333333,72540916.3125,69536806.93966074
928.586,78348636.0,76277965.875,72232120.125,70485756.0,67526631.15789473,66754637.66666667,64666490.64705882,68141100.31578948,70172203.16666666,74113665.75,70871920.67040764
943.7810000000001,79921427.625,77865087.1875,73790719.6875,71996758.6875,68875022.36842105,68186436.33333334,66128851.41176471,69505472.21052632,71625156.0,75686415.1875,72358134.66990454
943.954,81494219.25,79452208.5,75349319.25,73507761.375,70223413.57894737,69618235.0,67591212.1764706,70869844.10526316,71625156.0,77259164.625,73699053.3860681
951.528,83067010.875,81039329.8125,76907918.8125,75018764.0625,71571804.78947368,71050033.66666667,69053572.94117647,72234216.0,73191295.2,78831914.0625,75196586.02223168
961.078,84639802.5,82626451.125,78466518.375,76529766.75,72920196.0,72481832.33333334,70515933.70588236,73800340.2,74757434.4,80404663.5,76714293.88892157
973.1619999999999,86212594.125,84213572.4375,80025117.9375,78040769.4375,74460884.2,73913631.0,71978294.47058824,75366464.4,76323573.6,81977412.9375,78251231.45455882
973.34,87785385.75,85800693.75,81583717.5,79551772.125,76001572.4,73913631.0,73440655.23529412,76932588.6,77889712.8,83550162.375,79644989.1535294
986.2669999999999,89358177.375,87387815.0625,83142317.0625,81062774.8125,77542260.6,75564464.78571428,74903016.0,78498712.8,79455852.0,85122911.8125,81203830.23107143
1197.589,90930969.0,88974936.375,84700916.625,82573777.5,79082948.8,77215298.57142857,76428545.2,80064837.0,81021991.2,86695661.25,82768988.15214285
1197.6760000000002,90930969.0,90562057.6875,86259516.1875,84084780.1875,80623637.0,78866132.35714285,77954074.4,81630961.2,82588130.4,88268410.6875,84176866.91071428
1213.183,92571029.35714285,92149179.0,87818115.75,85595782.875,82164325.2,80516966.14285715,79479603.6,83197085.4,84154269.6,89841160.125,85748751.70500001
1213.2730000000001,94211089.71428572,92149179.0,89376715.3125,87106785.5625,83705013.4,82167799.92857143,81005132.8,84763209.6,85720408.8,91413909.5625,87161924.3680357
1224.2939999999999,95851150.07142857,93767432.78571428,90935314.875,88617788.25,85245701.6,83818633.71428572,82530662.0,86329333.8,87286548.0,92986659.0,88736922.40964286
1224.374,97491210.42857143,95385686.57142857,92493914.4375,90128790.9375,86786389.8,85469467.5,84056191.2,87895458.0,88852687.2,92986884.0,90154668.00750001
1238.848,99131270.78571428,97003940.35714285,94052514.0,91639793.625,88327078.0,87120301.28571428,85581720.4,89461582.2,90418826.4,94615997.78571428,91735302.48392856
1238.9360000000001,100771331.14285713,98622194.14285715,94052514.0,93150796.3125,89867766.2,88771135.07142857,87107249.6,91027706.4,91984965.6,96245111.57142857,93160077.00410715
1246.116,102411391.5,100240447.92857143,95665321.71428572,94661799.0,91408454.4,90421968.85714285,88632778.8,92593830.6,93551104.8,97874225.35714285,94746132.29571427
1252.762,104051451.85714285,101858701.71428572,97278129.42857143,96207705.2,92949142.6,92072802.64285713,90158308.0,94159954.8,95117244.0,99503339.14285715,96335677.93857144
1260.437,105691512.21428572,103476955.5,98890937.14285715,97753611.4,94489830.8,93723636.42857143,91683837.2,95726079.0,96580700.4375,101132452.92857143,97914955.30517857
1264.596,107331572.57142857,105095209.28571428,100503744.85714285,99299517.6,96030519.0,95374470.21428572,93209366.4,97218127.3125,98044156.875,102761566.71428572,99486825.08303572
1276.833,108971632.92857143,106713463.07142857,102116552.57142857,100845423.8,97470579.35294117,97025304.0,94734895.6,98710175.625,99507613.3125,104390680.5,101048632.07618697
1276.913,110611693.28571428,108331716.85714285,103729360.28571428,102391330.0,98910639.70588236,97025304.0,96260424.8,100202223.9375,100971069.75,106019794.28571428,102445355.6907668
1287.76,112251753.64285713,109949970.64285713,105342168.0,103937236.2,100350700.05882353,98465350.94117647,97785954.0,101694272.25,102434526.1875,107648908.07142857,103986083.99946427
1499.1529999999998,113891814.0,111568224.42857143,106954975.71428572,105483142.4,101790760.41176471,99905397.88235295,99167140.16666667,103186320.5625,103897982.625,109278021.85714285,105512378.00482842
1499.271,113891814.0,113186478.21428572,108567783.42857143,107029048.6,103230820.76470588,101345444.8235294,100548326.33333333,104678368.875,105361439.0625,110907135.64285713,106874665.97447829
1510.829,115272945.16666667,114804732.0,110180591.14285715,108574954.8,104670881.11764705,102785491.76470588,101929512.5,106170417.1875,106824895.5,112536249.42857143,108375067.06079483
1510.914,116654076.33333333,114804732.0,111793398.85714287,110120861.0,106110941.47058824,104225538.70588236,103310698.66666667,107662465.5,108288351.9375,114165363.21428572,109713642.7685399
1524.3729999999998,118035207.5,116198600.5,113406206.57142857,111666767.2,107551001.8235294,105665585.64705883,104691884.83333333,109154513.8125,109751808.375,115794477.0,111191605.32628503
1524.493,119416338.66666667,117592469.0,115019014.28571428,113212673.4,108991062.1764706,107105632.58823529,106073071.0,110646562.125,111215264.8125,115794477.0,112506656.50545868
1536.271,120797469.83333333,118986337.5,116631822.0,114758579.6,110431122.52941176,108545679.52941176,107454257.16666667,112138610.4375,112678721.25,117196749.66666667,113961934.95129903
1536.3670000000002,122178601.0,120380206.0,116631822.0,116304485.8,111871182.88235295,109985726.47058824,108835443.33333333,113630658.75,114142177.6875,118599022.33333333,115255932.62571077
1551.6779999999999,123559732.16666667,121774074.5,118042546.33333333,117850392.0,113311243.23529412,111425773.41176471,110216629.5,115122707.0625,115605634.125,120001295.0,116691002.7334559
1551.832,124940863.33333333,123167943.0,119453270.66666667,117850392.0,114751303.58823529,112865820.35294117,111597815.66666667,116614755.375,117069090.5625,121403567.66666667,117971482.22120099
1561.075,126321994.5,124561811.5,120863995.0,119244180.5,116191363.94117647,114305867.29411764,112979001.83333333,118106803.6875,118532547.0,122805840.33333333,119391340.55894606
1574.067,127703125.66666667,125955680.0,122274719.33333333,120637969.0,117631424.29411764,115745914.23529412,114360188.0,119598852.0,119864934.15789473,124208113.0,120798091.96873064
1574.1570000000002,129084256.83333333,127349548.5,123685443.66666667,122031757.5,119071484.64705881,117185961.1764706,115741374.16666667,119598852.0,121197321.31578948,125610385.66666667,122055638.54726525
1587.037,130465388.0,128743417.0,125096168.0,123425546.0,120511545.0,118626008.11764705,117122560.33333334,120975697.33333333,122529708.4736842,127012658.33333333,123450869.65913312
1587.191,131846519.16666667,130137285.5,126506892.33333333,124819334.5,120511770.0,120066055.05882353,118503746.5,122352542.66666667,123862095.63157895,128414931.0,124702117.23570693
1599.1070000000002,133227650.33333334,131531154.0,127917616.66666667,126213123.0,121956190.76470588,121506102.0,119884932.66666667,123729388.0,125194482.78947368,129817203.66666667,126097784.38875131
1599.1870000000001,134608781.5,132925022.5,129328341.0,127606911.5,123400611.52941176,121506102.0,121266118.83333334,125106233.33333333,126526869.94736841,131219476.33333333,127349446.84767802
1614.396,135989912.66666666,134318891.0,130739065.33333333,129000700.0,124845032.29411764,123017028.9375,122647305.0,126483078.66666667,127859257.10526316,132621749.0,128752202.00035474
1614.486,137371043.83333334,135712759.5,132149789.66666667,130394488.5,126289453.05882353,124527955.875,122647305.0,127859924.0,129191644.26315789,134024021.66666667,130016838.53636482
1825.983,138752175.0,137106628.0,133560514.0,131788277.0,127733873.8235294,126038882.8125,124248914.2,129236769.33333333,130524031.42105263,135426294.33333334,131441635.99237487
1826.1070000000002,138752175.0,138500496.5,134971238.33333334,133182065.5,129178294.58823529,127549809.75,125850523.4,130613614.66666667,131856418.57894737,136828567.0,132728320.33171828
1841.481,140358822.2,139894365.0,136381962.66666666,134575854.0,130622715.35294119,129060736.6875,127452132.6,131990460.0,133188805.73684211,138230839.66666666,134175669.39106166
1841.5620000000001,141965469.4,139894365.0,137792687.0,135969642.5,132067136.11764705,130571663.625,129053741.8,133367305.33333333,134521192.89473683,139633112.33333334,135483631.60040504
1856.529,143572116.6,141506155.2,139203411.33333334,137363431.0,133511556.88235295,132082590.5625,130655351.0,134744150.66666666,135853580.0526316,141035385.0,136952772.82974845
1856.672,145178763.8,143117945.4,140614135.66666666,138757219.5,134955977.6470588,133593517.5,132256960.2,136120996.0,137185967.21052632,141035385.0,138281686.7924252
1869.795,146785411.0,144729735.6,142024860.0,140151008.0,136400398.4117647,135104444.4375,133858569.4,137497841.33333334,138518354.36842105,142642158.2,139771278.0751019
1869.882,148392058.2,146341525.8,142024860.0,141544796.5,137844819.17647058,136615371.375,135460178.6,138874686.66666666,139850741.52631578,144248931.4,141119796.9244453
1881.795,149998705.4,147953316.0,143641703.4,142938585.0,139289239.94117647,138126298.3125,137061787.8,140251532.0,141183128.68421054,145855704.6,142630000.11378866
1881.8929999999998,151605352.6,149565106.2,145258546.8,143014830.0,140733660.70588237,139637225.25,138663397.0,141628377.33333334,142515515.84210527,147462477.8,144008448.9531321
1893.231,153211999.8,151176896.4,146875390.2,144616430.4,142178081.47058824,141148152.1875,140265006.2,143005222.66666666,143847903.0,149069251.0,145539433.33247548
1900.0639999999999,154818647.0,152788686.6,148492233.6,146218030.8,143622502.2352941,142659079.125,141866615.4,144382068.0,145444414.2,150676024.2,147096830.1160294
1909.221,156425294.2,154400476.8,150109077.0,147819631.2,145066923.0,144170006.0625,143468224.6,145902581.625,147040925.4,152282797.4,148668593.72875005
1916.744,158031941.4,156012267.0,151725920.4,149421231.6,146596953.1875,145680933.0,145069833.8,147423095.25,148637436.6,153889570.6,150248918.28374997
1930.769,159638588.6,157624057.2,153342763.8,151022832.0,148126983.375,147134337.0,146671443.0,148943608.875,150233947.8,155496343.8,151823490.545
1930.846,161245235.8,159235847.4,154959607.2,152624432.4,149657013.5625,148587741.0,146671443.0,150464122.5,151830459.0,157103117.0,153237901.88625002
2143.59,162851883.0,160847637.6,156576450.6,154226032.8,151187043.75,150041145.0,148120375.2352941,151984636.125,153426970.2,158709890.2,154797206.45102942
2143.701,162851883.0,162459427.8,158193294.0,155827633.2,152717073.9375,151494549.0,149569307.47058824,153505149.75,155023481.4,160316663.4,156195846.29580885
2159.052,164318787.0,164071218.0,159810137.4,157429233.6,154247104.125,152947953.0,151018239.70588234,155025663.375,156619992.6,161923436.6,157741176.5405882
2159.203,165785691.0,164071218.0,161426980.8,159030834.0,155777134.3125,154401357.0,152467171.94117647,156546177.0,158216503.8,163530209.8,159125327.76536763
2174.045,167252595.0,165538148.6470588,163043824.2,160632434.4,157307164.5,155854761.0,153916104.17647058,158066690.625,159813015.0,165136983.0,160656172.05485293
2174.133,168719499.0,167005079.29411766,164660667.6,162234034.8,158837194.6875,157308165.0,155365036.4117647,159587204.25,161409526.2,165213003.0,162033941.02433825
2189.49,170186403.0,168472009.94117647,166277511.0,163835635.2,160367224.875,158761569.0,156813968.6470588,161107717.875,163006037.4,166679862.17647058,163550793.9114706
2189.585,171653307.0,169938940.5882353,166353531.0,165437235.6,161897255.0625,160214973.0,158262900.88235295,162628231.5,164602548.6,168146721.3529412,164913564.45860294
2198.339,173120211.0,171405871.2352941,167824861.7647059,167038836.0,163427285.25,161668377.0,159711833.11764705,164148745.125,166199059.8,169613580.52941176,166415866.0822059
2208.4339999999997,174587115.0,172872801.88235295,169296192.52941176,168470672.0,164957315.4375,163121781.0,161160765.3529412,165669258.75,167795571.0,171080439.70588234,167901191.26580882
2208.542,176054019.0,174339732.52941176,170767523.29411766,169902508.0,166487345.625,164575185.0,162609697.5882353,167189772.375,167795571.0,172547298.88235295,169226865.32941175
2220.439,177520923.0,175806663.17647058,172238854.05882353,171334344.0,168017375.8125,166028589.0,164058629.82352942,168710286.0,169235828.83333334,174014158.05882353,170696565.17634803
2231.6839999999997,178987827.0,177273593.82352942,173710184.82352942,172766180.0,169547406.0,167481993.0,165507562.05882353,170116749.66666666,170676086.66666666,175481017.2352941,172154860.02745098
2231.822,180454731.0,178740524.47058824,175181515.5882353,174198016.0,169547406.0,168935397.0,166956494.29411763,171523213.33333334,172116344.5,176947876.4117647,173460151.85980392
2242.326,181921635.0,180207455.11764705,176652846.3529412,175629852.0,171054511.05882353,170388801.0,168405426.52941176,172929677.0,173556602.33333334,178414735.5882353,174916154.19803923
2242.405,183388539.0,181674385.7647059,178124177.11764705,177061688.0,172561616.11764705,170388801.0,169854358.7647059,174336140.66666666,174996860.16666666,179881594.7647059,176226816.13627452
2254.7,184855443.0,183141316.4117647,179595507.88235295,178493524.0,174068721.17647058,171900364.5882353,171303291.0,175742604.33333334,176437118.0,181348453.94117647,177688634.43333334
2254.784,186322347.0,184608247.05882353,181066838.6470588,179925360.0,175575826.2352941,173411928.17647058,171303291.0,177149068.0,177877375.83333334,182815313.11764705,179005559.50686273
2471.6679999999997,187789251.0,186075177.70588237,182538169.4117647,181357196.0,177082931.29411766,174923491.7647059,172904604.1875,178555531.66666666,179317633.66666666,184282172.29411766,180482615.89914218
2471.748,187789251.0,187542108.3529412,184009500.17647058,182789032.0,178590036.3529412,176435055.3529412,174505917.375,179961995.33333334,180757891.5,185749031.47058824,181812981.8914216
2487.474,189366765.75,189009039.0,185480830.94117647,184220868.0,180097141.4117647,177946618.94117647,176107230.5625,181368459.0,182198149.33333334,187215890.6470588,183301099.35870093
2487.555,190944280.5,189009039.0,186952161.70588237,185652704.0,181604246.47058824,179458182.52941176,177708543.75,182774922.66666666,183638407.16666666,188682749.82352942,184642523.76127452
2502.194,192521795.25,190577079.1875,188423492.47058824,187084540.0,183111351.52941176,180969746.11764705,179309856.9375,184181386.33333334,185078665.0,190149609.0,186140752.18259805
2502.36,194099310.0,192145119.375,189894823.2352941,188516376.0,184618456.5882353,182481309.70588234,180911170.125,185587850.0,186518922.83333334,190149609.0,187492294.6862745
2518.826,195676824.75,193713159.5625,191366154.0,189948212.0,186125561.6470588,183992873.29411766,182512483.3125,186994313.66666666,187959180.66666666,191679540.75,188996830.36495098
2518.922,197254339.5,195281199.75,191366154.0,191380048.0,187632666.70588234,185504436.88235295,184113796.5,188400777.33333334,189399438.5,193209472.5,190354232.96715686
2537.545,198831854.25,196849239.9375,192998267.2,192811884.0,189139771.7647059,187016000.47058824,185715109.6875,189807241.0,190839696.33333334,194739404.25,191874846.88936275
2537.667,200409369.0,198417280.125,194630380.4,192811884.0,190646876.82352942,188527564.05882353,187316422.875,191213704.66666666,192279954.16666666,196269336.0,193252277.21156862
2549.315,201986883.75,199985320.3125,196262493.6,194423644.2,192153981.88235295,190039127.6470588,188917736.0625,192620168.33333334,193720212.0,197799267.75,194790883.5537745
2553.1639999999998,203564398.5,201553360.5,197894606.8,196035404.4,193661086.94117647,191550691.2352941,190519049.25,194026632.0,195259834.6875,199329199.5,196339426.38139707
2568.88,205141913.25,203121400.6875,199526720.0,197647164.6,195168192.0,193062254.82352942,192120362.4375,195488926.5882353,196799457.375,200859131.25,197893552.30117646
2568.964,206719428.0,204689440.875,201158833.2,199258924.8,195168192.0,194573818.4117647,193721675.625,196951221.17647058,198339080.0625,202389063.0,199296967.71507353
2580.617,208296942.75,206257481.0625,202790946.4,200870685.0,196703007.1875,196085382.0,195322988.8125,198413515.7647059,199878702.75,203918994.75,200853864.64772058
2591.731,209874457.5,207825521.25,204423059.6,202482445.2,198237822.375,197577379.6875,196924302.0,199875810.3529412,201418325.4375,205448926.5,202408804.99029413
2591.908,211451972.25,209393561.4375,206055172.8,204094205.4,199772637.5625,199069377.375,197000322.0,201338104.94117647,202957948.125,206978858.25,203811216.01411766
2803.3559999999998,213029487.0,210961601.625,207687286.0,205705965.6,201307452.75,200561375.0625,198602027.2,202800399.52941176,204497570.8125,208508790.0,205366195.55794117
2803.5209999999997,213029487.0,212529641.8125,209319399.2,207317725.8,202842267.9375,202053372.75,200203732.4,204262694.11764705,206037193.5,210038721.75,206763423.6267647
2817.4970000000003,214631066.2,214097682.0,210951512.4,208929486.0,204377083.125,203545370.4375,201805437.6,205724988.70588234,207576816.1875,211568653.5,208320809.61558825
2817.578,216232645.4,214097682.0,212583625.6,210541246.2,205911898.3125,205037368.125,203407142.8,207187283.29411766,209116438.875,213098585.25,209721391.58566174
2824.413,217834224.6,215704389.2,214215738.8,212153006.4,207446713.5,206529365.8125,205008848.0,208649577.88235295,210656061.5625,214628517.0,211282644.2757353
2841.522,219435803.8,217311096.4,215847852.0,213764766.6,208981528.6875,208021363.5,206610553.2,210111872.47058824,212195684.25,216163270.3125,212844379.1220588
2841.617,221037383.0,218917803.6,215923872.0,215376526.8,210516343.875,209513361.1875,208212258.4,211574167.05882353,213735306.9375,217698023.625,214250504.64838237
2855.8740000000003,222638962.2,220524510.8,217439634.375,216988287.0,212051159.0625,211005358.875,209813963.6,213036461.6470588,215274929.625,219232776.9375,215800604.41220587
2856.0040000000004,224240541.4,222131218.0,218955396.75,217064532.0,213585974.25,212497356.5625,211415668.8,214498756.2352941,216814552.3125,220767530.25,217197152.6560294
2873.864,225842120.6,223737925.2,220471159.125,218580308.625,215120789.4375,213989354.25,213017374.0,215961050.82352942,218354175.0,222302283.5625,218737654.06235296
2873.941,227443699.8,225344632.4,221986921.5,220096085.25,216655604.625,215481351.9375,214619079.2,217423345.4117647,218354175.0,223837036.875,220124193.19992647
2880.4390000000003,229045279.0,226951339.6,223502683.875,221611861.875,218190419.8125,216973349.625,216220784.4,218885640.0,219860406.75,225371790.1875,221661355.5125
2891.929,230646858.2,228558046.8,225018446.25,223127638.5,219725235.0,218465347.3125,217822489.6,220334598.70588234,221366638.5,226906543.5,223197184.23683825
2894.469,232248437.4,230164754.0,226534208.625,224643415.125,221156306.6470588,219957345.0,219424194.8,221783557.4117647,222872870.25,228441296.8125,224722638.60713235
2908.77,233850016.6,231771461.2,228049971.0,226159191.75,222587378.29411766,221376511.0,221025900.0,223232516.11764705,224379102.0,229976050.125,226240809.80867648
2908.87,235451595.8,233378168.4,229565733.375,227674968.375,224018449.94117647,222795677.0,221025900.0,224681474.82352942,225885333.75,231510803.4375,227598810.4902206
3119.403,237053175.0,234984875.6,231081495.75,229190745.0,225449521.5882353,224214843.0,222428085.16666666,226130433.52941176,227391565.5,233045556.75,229097029.68843135
3119.49,237053175.0,236591582.8,232597258.125,230706521.625,226880593.2352941,225634009.0,223830270.33333334,227579392.2352941,228897797.25,234580310.0625,230435090.96664214
3134.013,238551381.52941176,238198290.0,234113020.5,232222298.25,228311664.88235295,227053175.0,225232455.5,229028350.94117647,230404029.0,236115063.375,231922972.89779416
3134.11,240049588.05882353,238198290.0,235628782.875,233738074.875,229742736.52941176,228472341.0,226634640.66666666,230477309.6470588,231910260.75,237649816.6875,233250184.10894608
3147.538,241547794.5882353,239752096.125,237144545.25,235253851.5,231173808.17647058,229891507.0,228036825.83333334,231926268.3529412,233416492.5,239184570.0,234732775.93259802
3147.72,243046001.11764705,241305902.25,238660307.625,236769628.125,232604879.82352942,231310673.0,229439011.0,233375227.05882353,234922724.25,239184795.0,236061914.925
3160.756,244544207.6470588,242859708.375,240176070.0,238285404.75,234035951.47058824,232729839.0,230841196.16666666,234824185.7647059,236428956.0,240842263.4,237556778.25740194
3160.93,246042414.17647058,244413514.5,240176070.0,239801181.375,235467023.11764705,234149005.0,232243381.33333334,236273144.47058824,237935187.75,242499731.8,238900065.35230392
3175.67,247540620.70588234,245967320.625,241797861.4,241316958.0,236898094.7647059,235568171.0,233645566.5,237722103.17647058,239441419.5,244157200.2,240405531.58720583
3175.762,249038827.2352941,247521126.75,243419652.8,241316958.0,238329166.4117647,236987337.0,235047751.66666666,239171061.88235295,240947651.25,245814668.6,241759420.15960783
3190.295,250537033.7647059,249074932.875,245041444.2,243065666.7857143,239760238.05882353,238406503.0,236449936.83333334,240620020.5882353,242453883.0,247472137.0,243288179.61058125
3190.434,252035240.29411766,250628739.0,246663235.6,244814375.57142857,241191309.70588237,239825669.0,237852122.0,242068979.29411766,242453883.0,249129605.4,244666315.88655463
3204.111,253533446.82352942,252182545.125,248285027.0,246563084.35714287,242622381.3529412,241244835.0,239254307.16666666,243517938.0,244186166.7857143,250787073.8,246217680.54109946
3211.341,255031653.3529412,253736351.25,249906818.4,248311793.14285713,244053453.0,242664001.0,240656492.33333334,245217625.92857143,245918450.57142857,252444542.2,247794118.11791316
3211.449,256529859.88235295,255290157.375,251528609.8,250060501.92857143,244053453.0,244083167.0,242058677.5,246917313.85714287,247650734.35714287,254102010.6,249227448.530021
3229.9509999999996,258028066.4117647,256843963.5,253150401.2,251809210.7142857,245791199.14285713,245502333.0,243460862.66666666,248617001.7857143,249383018.14285713,255759479.0,250834553.55641454
3230.062,259526272.94117647,258397769.625,254772192.6,253557919.5,247528945.2857143,245502333.0,244863047.83333334,250316689.7142857,251115301.92857143,257416947.4,252299741.9828081
3240.768,261024479.47058824,259951575.75,256393984.0,255306628.2857143,249266691.42857143,247185698.57142857,246265233.0,252016377.64285713,252847585.7142857,259074415.8,253933266.96634454
3454.6859999999997,262522686.0,261505381.875,258015775.4,257055337.07142857,251004437.57142857,248869064.14285713,247959538.92857143,253716065.57142857,254579869.5,260731884.2,255596004.0260714
3461.2540000000004,264109121.2,263059188.0,259637566.8,258804045.85714287,252742183.7142857,250552429.7142857,249653844.85714287,255415753.5,256312153.2857143,262389352.6,257267563.9528571
3474.46,265695556.4,264560612.4375,261259358.2,260552754.64285713,254479929.85714287,252235795.2857143,251348150.7857143,257115441.42857143,258044437.07142857,264046821.0,258933885.71089286
3474.54,267281991.6,266062036.875,262881149.6,262301463.42857143,256217676.0,253919160.85714287,253042456.7142857,258815129.35714287,259776720.85714287,264046821.0,260434460.62892857
3481.2659999999996,268868426.8,267563461.3125,264502941.0,264050172.2142857,257955422.14285713,255602526.42857143,254736762.64285713,260514817.2857143,261509004.64285713,265648430.2,262095196.4669643
3496.9970000000003,270454862.0,269064885.75,266032976.8125,265798881.0,259693168.2857143,257285892.0,256431068.57142857,262214505.21428573,263241288.42857143,267250039.4,263746756.74625
3497.176,272041297.2,270566310.1875,267563012.625,265798881.0,261430914.42857143,258969257.57142857,258125374.5,263914193.14285713,264973572.2142857,268851648.6,265223446.14696425
3509.551,273627732.4,272067734.625,269093048.4375,267395377.2,263168660.57142857,260652623.14285713,259819680.42857143,265613881.07142857,266705856.0,270453257.8,266859785.1676786
3517.13,275214167.6,273569159.0625,270623084.25,268991873.4,264906406.71428573,262335988.7142857,261513986.35714287,267313569.0,268292357.2,272054867.0,268481545.92982143
3517.2129999999997,276800602.8,275070583.5,272153120.0625,270588369.6,266644152.85714287,264019354.28571427,263208292.2857143,267313569.0,269878858.4,273656476.2,269933337.8991071
3531.4590000000003,278387038.0,276572007.9375,273683155.875,272184865.8,268381899.0,265702719.85714287,264902598.21428573,268940584.2,271465359.6,275258085.4,271547831.3883928
3531.542,279973473.2,278073432.375,275213191.6875,273781362.0,268381899.0,267386085.42857143,266596904.14285713,270567599.4,273051860.8,276859694.6,272988550.26339287
3540.617,281559908.4,279574856.8125,276743227.5,275377858.2,270029216.2,269069451.0,268291210.07142857,272194614.6,274638362.0,278461303.8,274594000.85839283
3552.2870000000003,283146343.6,281076281.25,278273263.3125,276974354.4,271676533.4,270632745.75,269985516.0,273821629.8,276224863.2,280062913.0,276187444.37125
3552.4629999999997,284732778.8,282577705.6875,279803299.125,278570850.6,273323850.6,272196040.5,269985516.0,275448645.0,277811364.4,281664522.2,277611457.29125
3767.7,286319214.0,284079130.125,281333334.9375,280167346.8,274971167.8,273759335.25,271637886.4,277075660.2,279397865.6,283266131.4,279200707.25124997
3767.803,286319214.0,285580554.5625,282863370.75,281763843.0,276618485.0,275322630.0,273290256.8,278702675.4,280984366.8,284867740.6,280631313.69124997
3777.3920000000003,287941101.2,287081979.0,284393406.5625,283360339.2,278265802.2,276885924.75,274942627.2,280329690.6,282570868.0,286469349.8,282224108.85125005
3790.671,289562988.4,288714092.2,285923442.375,284956835.4,279913119.4,278449219.5,276594997.6,281956705.8,284157369.2,288070959.0,283829972.8875
3790.8059999999996,291184875.6,290346205.4,287453478.1875,286553331.6,281560436.6,280012514.25,278247368.0,283583721.0,285743870.4,288070959.0,285275676.00374997
3802.708,292806762.8,291978318.6,288983514.0,288149827.8,283207753.8,281575809.0,279899738.4,285210736.2,287330371.6,289702976.2,286884580.84
3812.743,294428650.0,293610431.8,290523032.625,289746324.0,284855071.0,283139103.75,281552108.8,286837751.4,288916872.8,291334993.4,288494433.95750004
3822.692,296050537.2,295242545.0,292062551.25,291213169.7647059,286502388.2,284702398.5,283204479.2,288464766.6,290503374.0,292967010.6,290091322.0314706
3822.817,297672424.4,296874658.2,293602069.875,292680015.5294118,288149705.4,286265693.25,284856849.6,290091781.8,290503374.0,294599027.8,291529559.9854412
3838.5759999999996,299294311.6,298506771.4,295141588.5,294146861.2941176,289797022.6,287828988.0,286509220.0,291718797.0,292061883.75,296231045.0,293123648.9144117
3838.743,300916198.8,300138884.6,296681107.125,295613707.0588235,291444339.8,289392282.75,288161590.4,291794817.0,293620393.5,297863062.2,294562638.3233823
3857.005,302538086.0,301770997.8,298220625.75,297080552.8235294,293091657.0,290955577.5,289813960.8,293324805.0,295178903.25,299495079.4,296147024.532353
3857.183,304159973.2,303403111.0,299760144.375,298547398.5882353,293091657.0,292518872.25,291466331.2,294854793.0,296737413.0,301127096.6,297566679.02132356
3869.447,305781860.4,305035224.2,301299663.0,300014244.35294116,294593151.5625,294082167.0,293118701.6,296384781.0,298295922.75,302759113.8,299136482.9665441
3878.802,307403747.6,306667337.4,302839181.625,301481090.11764705,296094646.125,295569421.875,294771072.0,297914769.0,299854432.5,304391131.0,300698682.9242647
3878.9629999999997,309025634.8,308299450.6,304378700.25,302947935.88235295,297596140.6875,297056676.75,294847092.0,299444757.0,301412942.25,306023148.2,302103247.8419853
4087.498,310647522.0,309931563.8,305918218.875,304414781.64705884,299097635.25,298543931.625,296343835.3125,300974745.0,302971452.0,307655165.4,303649885.09095585
4099.584,312078593.64705884,311563677.0,307457737.5,305881627.4117647,300599129.8125,300031186.5,297840578.625,302504733.0,304529961.75,309287182.6,305177440.7846323
4099.727,313509665.2941176,311563677.0,308997256.125,307348473.1764706,302100624.375,301518441.375,299337321.9375,304034721.0,306088471.5,310919199.8,306541785.15830886
4112.387,314940736.9411765,312994735.4117647,310536774.75,308815318.9411765,303602118.9375,303005696.25,300834065.25,305564709.0,307646981.25,312551217.0,308049235.37316173
4112.509,316371808.5882353,314425793.8235294,312076293.375,310282164.7058824,305103613.5,304492951.125,302330808.5625,307094697.0,309205491.0,312551217.0,309393483.8680147
4126.89,317802880.2352941,315856852.2352941,313615812.0,311749010.4705882,306605108.0625,305980206.0,303827551.875,308624685.0,310764000.75,313977816.88235295,310880392.35110295
4126.985,319233951.88235295,317287910.64705884,313615812.0,313215856.2352941,308106602.625,307467460.875,305324295.1875,310154673.0,312322510.5,315404416.7647059,312213348.97169113
4140.715,320665023.5294118,318718969.0588235,315020013.5294118,314682702.0,309608097.1875,308954715.75,306821038.5,311684661.0,313881020.25,316831016.64705884,313686725.7452206
4150.691,322096095.1764706,320150027.4705882,316424215.0588235,316077999.5294118,311109591.75,310441970.625,308317781.8125,313214649.0,315439530.0,318257616.5294118,315152947.6952206
4150.778,323527166.8235294,321581085.88235295,317828416.5882353,317473297.0588235,312611086.3125,311929225.5,309814525.125,314744637.0,315439530.0,319684216.4117647,316463318.67022055
4161.309,324958238.4705882,323012144.2941176,319232618.11764705,318868594.5882353,314112580.875,313416480.375,311311268.4375,316274625.0,316861684.5882353,321110816.2941176,317915905.1040441
4161.478,326389310.11764705,324443202.7058824,320636819.64705884,320263892.11764705,315614075.4375,314903735.25,312808011.75,316274850.0,318283839.1764706,322537416.1764706,319215515.2378677
4172.59,327820381.7647059,325874261.11764705,322041021.1764706,321659189.64705884,317115570.0,316390990.125,314304755.0625,317692426.9411765,319705993.7647059,323964016.0588235,320656860.5658089
4182.387,329251453.4117647,327305319.5294118,323445222.7058824,323054487.1764706,318542196.35294116,317878245.0,315801498.375,319110003.88235295,321128148.35294116,325390615.9411765,322090719.0727941
4182.538,330682525.0588235,328736377.9411765,324849424.2352941,324449784.7058824,319968822.7058824,317878245.0,317298241.6875,320527580.8235294,322550302.9411765,326817215.8235294,323375852.0922794
4194.818,332113596.7058824,330167436.35294116,326253625.7647059,325845082.2352941,321395449.0588235,319300293.7058824,318794985.0,321945157.7647059,323972457.5294118,328243815.7058824,324803189.982353
4194.907999999999,333544668.35294116,331598494.7647059,327657827.2941176,327240379.7647059,322822075.4117647,320722342.4117647,318794985.0,323362734.7058824,325394612.11764705,329670415.5882353,326080853.5411765
4407.478,334975740.0,333029553.1764706,329062028.8235294,328635677.2941176,324248701.7647059,322144391.11764705,320315470.5,324780311.64705884,326816766.7058824,331097015.4705882,327510565.65
4407.592000000001,334975740.0,334460611.5882353,330466230.35294116,330030974.8235294,325675328.11764705,323566439.8235294,321835956.0,326197888.5882353,328238921.2941176,332523615.35294116,328797170.59411764
4419.348,336505770.1875,335891670.0,331870431.88235295,331426272.35294116,327101954.4705882,324988488.5294118,323356441.5,327615465.5294118,329661075.88235295,333950215.2352941,330236778.55698526
4419.485,338035800.375,335891670.0,333274633.4117647,332821569.88235295,328528580.8235294,326410537.2352941,324876927.0,329033042.4705882,331083230.4705882,335376815.11764705,331533280.6786765
4432.104,339565830.5625,337416864.75,334678834.9411765,334216867.4117647,329955207.1764706,327832585.9411765,326397412.5,330450619.4117647,332505385.0588235,336803415.0,332982302.2753676
4432.212,341095860.75,338942059.5,336083036.4705882,335612164.9411765,331381833.5294118,329254634.64705884,327917898.0,331868196.35294116,333927539.64705884,336879435.0,334296265.8838235
4441.266,342625890.9375,340467254.25,337487238.0,337007462.4705882,332808459.88235295,330676683.35294116,329438383.5,333285773.2941176,335349694.2352941,338506495.4,335765333.53227943
4452.005,344155921.125,341992449.0,339017231.625,338402760.0,334235086.2352941,332098732.0588235,330958869.0,334703350.2352941,336771848.8235294,340133555.8,337246980.39029413
4452.121,345685951.3125,343517643.75,340547225.25,338402760.0,335661712.5882353,333520780.7647059,332479354.5,336120927.1764706,338194003.4117647,341760616.2,338589097.49536765
4468.443,347215981.5,345042838.5,342077218.875,340039926.4,337088338.9411765,334942829.4705882,333999840.0,337538504.11764705,339616158.0,343387676.6,340094931.2404412
4468.559,348746011.6875,346568033.25,343607212.5,341677092.8,338514965.2941176,336364878.1764706,335520325.5,338956081.0588235,339616383.0,345014737.0,341458572.02669114
4477.962,350276041.875,348093228.0,345137206.125,343314259.2,339941591.64705884,337786926.88235295,337040811.0,340373658.0,341212915.2,346641797.4,342981843.5329412
4491.63,351806072.0625,349618422.75,346667199.75,344951425.6,341368218.0,339208975.5882353,338561296.5,341980386.4,342809447.4,348268857.8,344524030.18507355
4491.753,353336102.25,351143617.5,348197193.375,346588592.0,341368218.0,340631024.2941176,340081782.0,343587114.8,344405979.6,349895918.2,345923554.20191175
4500.617,354866132.4375,352668812.25,349727187.0,348225758.4,342934327.2,342053073.0,341602267.5,345193843.2,346002511.8,351522978.6,347479689.13875
4514.935,356396162.625,354194007.0,351257180.625,349862924.8,344500436.4,343639463.2,343122753.0,346800571.6,347599044.0,353150039.0,349052258.225
4515.018,357926192.8125,355719201.75,352787174.25,351500091.2,346066545.6,345225853.4,343198773.0,348407300.0,349195576.2,354777099.4,350480380.76124996
4729.3640000000005,359456223.0,357244396.5,354317167.875,353137257.6,347632654.8,346812243.6,344780131.2,350014028.4,350792108.4,356404159.8,352059037.1175
4729.522,359456223.0,358769591.25,355847161.5,354774424.0,349198764.0,348398633.8,346361489.4,351620756.8,352388640.6,358031220.2,353484690.455
4740.156,361134207.0,360294786.0,357377155.125,356411590.4,350764873.2,349985024.0,347942847.6,353227485.2,353985172.8,359658280.6,355078142.1925
4754.013,362812191.0,361860919.2,358907148.75,358048756.8,352330982.4,351571414.2,349524205.8,354834213.6,355581705.0,361285341.0,356675687.775
4754.1179999999995,364490175.0,363427052.4,360437142.375,359685923.2,353897091.6,353157804.4,351105564.0,356440942.0,357178237.2,361285341.0,358110527.3175
4763.0070000000005,366168159.0,364993185.6,361967136.0,361323089.6,355463200.8,354744194.6,352686922.2,358047670.4,358774769.4,362861655.2,359702998.28
4774.976,367846143.0,366559318.8,363482926.5,362960256.0,357029310.0,356330584.8,354268280.4,359654398.8,360371301.6,364437969.4,361294048.93
4775.082,369524127.0,368125452.0,364998717.0,362960256.0,358595419.2,357916975.0,355849638.6,361261127.2,361967833.8,366014283.6,362721382.94
4783.649,371202111.0,369691585.2,366514507.5,364471196.8125,360161528.4,359503365.2,357430996.8,362867855.6,363564366.0,367590597.8,364299811.03125
4794.715,372880095.0,371257718.4,368030298.0,365982137.625,361727637.6,361089755.4,359012355.0,364474584.0,365070569.8125,369166912.0,365869206.28375
4794.853,374558079.0,372823851.6,369546088.5,367493078.4375,363293746.8,362676145.6,360593713.2,364474584.0,366576773.625,370743226.2,367277928.69624996
4801.082,376236063.0,374389984.8,371061879.0,369004019.25,364859856.0,364262535.8,362175071.4,366086314.2,368082977.4375,372319540.4,368847824.12874997
4813.263,377914047.0,375956118.0,372577669.5,370514960.0625,366399374.8125,365848926.0,363756429.6,367698044.4,369589181.25,373895854.6,370415060.5225
4813.351,379592031.0,377522251.2,374093460.0,372025900.875,367938893.625,365848926.0,365337787.8,369309774.6,371095385.0625,375472168.8,371823657.89625007
4827.174,381270015.0,379088384.4,375609250.5,373536841.6875,369478412.4375,367465775.4,366919146.0,370921504.8,372601588.875,377048483.0,373393940.21
5038.2,382947999.0,380654517.6,377125041.0,375047782.5,371017931.25,369082624.8,368430171.1875,372533235.0,374107792.6875,378624797.2,374957189.22249997
5038.357,382947999.0,382220650.8,378640831.5,376558723.3125,372557450.0625,370699474.2,369941196.375,374144965.2,375613996.5,380201111.4,376352639.835
5049.771,384468546.375,383786784.0,380156622.0,378069664.125,374096968.875,372316323.6,371452221.5625,375756695.4,377120200.3125,381777425.6,377900145.185
5049.907,385989093.75,383786784.0,381672412.5,379580604.9375,375636487.6875,373933173.0,372963246.75,377368425.6,378626404.125,383353739.8,379291037.21500003
5064.880999999999,387509641.125,385345397.625,383188203.0,381091545.75,377176006.5,375550022.4,374474271.9375,378980155.8,380132607.9375,384930054.0,380837790.60749996
5064.978,389030188.5,386904011.25,384703993.5,382602486.5625,378715525.3125,377166871.8,375985297.125,380591886.0,381638811.75,384930054.0,382226912.58000004
5082.474,390550735.875,388462624.875,386219784.0,384113427.375,380255044.125,378783721.2,377496322.3125,382203616.2,383145015.5625,386479089.1875,383770938.07125
5082.562,392071283.25,390021238.5,386219784.0,385624368.1875,381794562.9375,380400570.6,379007347.5,383815346.4,384651219.375,388028124.375,385163384.5125
5093.883,393591830.625,391579852.125,387735504.1875,387135309.0,383334081.75,382017420.0,380518372.6875,385427076.6,386157423.1875,389577159.5625,386707402.97249997
5101.075,395112378.0,393138465.75,389251224.375,388651071.375,384873600.5625,383634269.4,382029397.875,387038806.8,387663627.0,391126194.75,388251903.58875
5113.568,396632925.375,394697079.375,390766944.5625,390166833.75,386413119.375,385251118.8,383540423.0625,388650537.0,389117057.4705882,392675229.9375,389791126.87080884
5113.681,398153472.75,396255693.0,392282664.75,391682596.125,387952638.1875,386867968.2,385051448.25,388726557.0,390570487.9411765,394224265.125,391176779.13286763
5124.931,399674020.125,397814306.625,393798384.9375,393198358.5,389492157.0,388484817.6,386562473.4375,390211329.5294118,392023918.4117647,395773300.3125,392703306.6478676
5132.068,401194567.5,399372920.25,395314105.125,394714120.875,390898603.0,390101667.0,388073498.625,391696102.0588235,393477348.88235295,397322335.5,394216526.88161767
5132.195,402715114.875,400931533.875,396829825.3125,396229883.25,392305049.0,390101667.0,389584523.8125,393180874.5882353,394930779.35294116,398871370.6875,395568062.17536765
5145.817,404235662.25,402490147.5,398345545.5,397745645.625,393711495.0,391524981.3333333,391095549.0,394665647.11764705,396384209.8235294,400420405.875,397061928.9024509
5145.907999999999,405756209.625,404048761.125,399861265.6875,399261408.0,395117941.0,392948295.6666667,391095549.0,396150419.64705884,397837640.2941176,401969441.0625,398404693.1107843
5358.6230000000005,407276757.0,405607374.75,401376985.875,400777170.375,396524387.0,394371610.0,392584740.5294118,397635192.1764706,399291070.7647059,403518476.25,399896376.4720588
5358.717,407276982.0,407165988.375,402892706.0625,402292932.75,397930833.0,395794924.3333333,394073932.0588235,399119964.7058824,400744501.2352941,405067511.4375,401236027.5958333
5377.331999999999,383528530.11764705,408724602.0,404408426.25,403808695.125,399337279.0,397218238.6666667,395563123.5882353,400604737.2352941,402197931.7058824,406616546.625,400200811.0313726
5377.415,359780078.2352941,408724602.0,405924146.4375,405324457.5,400743725.0,398641553.0,397052315.11764705,402089509.7647059,403651362.1764706,408165581.8125,399009733.1044118
5390.732,336031626.35294116,384953778.0588235,407439866.625,406840219.875,402150171.0,400064867.3333333,398541506.64705884,403574282.2941176,405104792.64705884,409714617.0,395441572.78333336
5390.875,312283174.4705882,361182954.11764705,408955586.8125,408355982.25,403556617.0,401488181.6666667,400030698.1764706,405059054.8235294,406558223.11764705,409714617.0,391718508.9435049
5401.266,288534722.58823526,337412130.1764706,410471307.0,409871744.625,404963063.0,402911496.0,401519889.7058824,406543827.35294116,408011653.5882353,385930369.8235294,385617020.38602936
5412.840999999999,264786270.70588237,313641306.2352941,386691597.9411765,411387507.0,406369509.0,404334810.3333333,403009081.2352941,408028599.88235295,409465084.0588235,362146122.64705884,376985988.90392154
5412.965,241037818.82352942,289870482.2941176,362911888.88235295,411387507.0,407775955.0,405758124.6666667,404498272.7647059,409513372.4117647,410918514.5294118,338361875.4705882,368203381.1843137
5426.107,217289366.94117647,266099658.3529412,339132179.8235294,387621226.4705882,409182401.0,407181439.0,405987464.2941176,410998144.9411765,412371945.0,314577628.2941176,357044145.4117647
5426.206999999999,193540915.05882353,242328834.4117647,315352470.7647059,363854945.9411765,410588847.0,408604753.3333333,407476655.8235294,412482917.4705882,412371945.0,290793381.11764705,345739566.5921569
5445.771,169792463.17647058,218558010.47058824,291572761.7058824,340088665.41176474,411995293.0,410028067.6666667,408965847.35294116,413967690.0,388605566.35294116,267009133.94117647,332058349.9078432
5445.8769999999995,146044011.29411766,194787186.52941176,267793052.6470588,316322384.88235295,413401739.0,411451382.0,410455038.88235295,413967690.0,364839187.7058824,243224886.76470587,318228655.97058827
5457.88,122295559.41176474,171016362.5882353,244013343.5882353,292556104.35294116,414808185.0,412874696.3333333,411944230.4117647,388678021.0,341072809.0588235,219440639.5882353,301869995.1333333
5457.972,98547107.5294118,147245538.6470588,220233634.52941176,268789823.8235294,414808185.0,414298010.6666667,413433421.9411765,363388352.0,317306430.41176474,195656392.4117647,285370689.6960784
5469.164000000001,74798655.64705884,123474714.70588237,196453925.47058824,245023543.29411766,389537521.0,415721325.0,414922613.4705882,338098683.0,293540051.7647059,171872145.2352941,266344317.8588236
5478.584,51050203.7647059,99703890.7647059,172674216.4117647,221257262.7647059,364266857.0,391963943.0,416411805.0,312809014.0,269773673.11764705,148087898.05882353,244799876.38823533
5478.729,27301751.88235295,75933066.82352942,148894507.3529412,197490982.23529413,338996193.0,368206561.0,416411805.0,287519345.0,246007294.47058824,124303650.88235295,223106515.7647059
5697.558000000001,3553300.0,52162242.88235295,125114798.29411763,173724701.70588237,313725529.0,344449179.0,392667830.35294116,262229676.0,222240915.82352942,100519403.70588237,199038757.67647058
5697.691,3553300.0,28391418.941176474,101335089.2352941,149958421.1764706,288454865.0,320691797.0,368923855.7058824,236940007.0,198474537.1764706,76735156.52941173,177345844.7764706
5711.991,5064863.588235294,4620595.0,77555380.17647058,126192140.64705884,263184201.0,296934415.0,345179881.0588235,211650338.0,174708158.5294118,52950909.352941155,155804088.2352941
5712.130999999999,6576427.176470589,4696615.0,53775671.11764705,102425860.11764705,237913537.0,273177033.0,321435906.41176474,186360669.0,150941779.88235295,29166662.176470578,136647016.08823532
5721.951,8087990.764705882,6194795.05882353,29995962.058823526,78659579.58823532,212642873.0,249419651.0,297691931.7647059,161071000.0,127175401.2352941,5382415.0,117632159.94705883
5733.481,9599554.352941178,7692975.117647059,6216253.0,54893299.058823586,187372209.0,225662269.0,273947957.11764705,135781331.0,103409022.58823532,6814201.166666667,101138907.14019607
5733.654,11111117.94117647,9191155.176470589,6292273.0,31127018.529411793,162101545.0,201904887.0,250203982.47058824,110491662.0,79642643.94117647,8245987.333333334,87031227.2392157
5747.503000000001,12622681.529411765,10689335.235294119,7799351.411764706,7360738.0,136830881.0,178147505.0,226460007.82352942,85201993.0,55876265.29411769,9677773.5,73066653.17941178
5747.641,14134245.11764706,12187515.294117648,9306429.823529411,7360738.0,111560217.0,154390123.0,202716033.1764706,59912324.0,32109886.647058845,11109559.666666668,61478707.172549024
5761.073,15645808.705882354,13685695.352941176,10813508.235294119,8885743.176470589,86289553.0,130632741.0,178972058.5294118,34622655.0,8343508.0,12541345.833333334,50043261.68333333
5773.2519999999995,17157372.29411765,15183875.411764706,12320586.647058822,10410748.352941176,61018889.0,106875359.0,155228083.88235295,9332986.0,9775349.166666666,13973132.0,41127638.1754902
5773.366,18668935.88235294,16682055.470588235,13827665.05882353,11935753.529411765,35748225.0,83117977.0,131484109.2352941,9332986.0,11207190.333333334,15404918.166666668,34740981.567647055
5788.996,20180499.470588237,18180235.529411763,15334743.470588235,13460758.705882352,10477561.0,59360595.0,107740134.58823532,10760548.666666666,12639031.5,16836704.333333336,28497081.22647059
5789.119000000001,21692063.05882353,19678415.588235296,16841821.88235294,14985763.88235294,10477561.0,35603213.0,83996159.94117647,12188111.333333334,14070872.666666668,18268490.5,24780247.285294116
5806.371,23203626.647058826,21176595.647058822,18348900.294117644,16510769.05882353,11879746.166666666,11845831.0,60252185.29411769,13615674.0,15502713.833333334,19700276.666666668,21203631.860784315
5806.467,24715190.23529412,22674775.70588235,19855978.70588235,18035774.23529412,13281931.333333334,11845831.0,36508210.647058845,15043236.666666668,16934555.0,21132062.833333336,20002754.636274513
5818.331999999999,26226753.823529415,24172955.76470588,21363057.11764706,19560779.411764704,14684116.5,13317206.764705881,12764236.0,16470799.333333334,18366396.166666668,22563849.0,18949014.98823529
5818.4619999999995,27738317.411764707,25671135.82352941,22870135.529411763,21085784.588235296,16086301.666666668,14788582.529411765,12764236.0,17898362.0,19798237.333333336,23995635.166666668,20269672.804901965
6035.5509999999995,29249881.0,27169315.88235294,24377213.94117647,22610789.76470588,17488486.833333336,16259958.294117648,14226583.529411765,19325924.666666668,21230078.5,25427421.333333336,21736565.374509804
6035.646,29249881.0,28667495.94117647,25884292.352941174,24135794.94117647,18890672.0,17731334.05882353,15688931.05882353,20753487.333333336,22661919.666666668,26859207.5,23052301.58529412
6047.411,30698897.94117647,30165676.0,27391370.76470588,25660800.11764706,20292857.166666668,19202709.82352941,17151278.588235296,22181050.0,24093760.833333336,28290993.666666668,24512939.49019608
6047.562,32147914.88235294,30165676.0,28898449.176470585,27185805.29411765,21695042.333333336,20674085.588235296,18613626.11764706,23608612.666666668,25525602.0,29722779.833333336,25823759.389215685
6060.920999999999,33596931.823529415,31614621.470588237,30405527.588235293,28710810.470588233,23097227.5,22145461.352941178,20075973.647058822,25036175.333333336,26957443.166666668,31154566.0,27279473.835294116
6071.395,35045948.76470588,33063566.94117647,31912606.0,30235815.647058822,24499412.666666668,23616837.11764706,21538321.17647059,26463738.0,28389284.333333336,32514505.333333332,28728003.598039217
6071.569,36494965.705882356,34512512.4117647,31912606.0,31760820.82352941,25901597.833333336,25088212.88235294,23000668.705882356,27891300.666666668,29821125.5,33874444.666666664,30025825.51960785
6088.84,37943982.64705882,35961457.88235294,33379478.411764707,33285826.0,27303783.0,26559588.647058822,24463016.23529412,29318863.333333336,31252966.666666668,35234384.0,31470334.68235294
6088.995,39392999.5882353,37410403.35294118,34846350.823529415,33286051.0,28705968.166666668,28030964.411764707,25925363.76470588,30746426.0,32684807.833333336,36594323.333333336,32762365.82745098
6099.706999999999,40842016.52941176,38859348.82352941,36313223.23529412,34744038.11764706,30108153.333333336,29502340.17647059,27387711.29411765,32173988.666666668,34116649.0,37954262.666666664,34200173.18431373
6099.7919999999995,42291033.47058824,40308294.294117644,37780095.64705882,36202025.23529412,31510338.5,30973715.94117647,28850058.823529415,33601551.333333336,34116649.0,39314202.0,35494796.42450981
6111.0109999999995,43740050.4117647,41757239.76470588,39246968.058823526,37660012.35294118,32912523.666666668,32445091.705882356,30312406.352941178,35029114.0,35587979.76470588,40674141.33333333,36936552.74117647
6111.165,45189067.35294118,43206185.23529412,40713840.47058824,39117999.47058824,34314708.833333336,33916467.47058824,31774753.88235294,35029114.0,37059310.52941176,42034080.666666664,38235552.79117648
6121.08,46638084.294117644,44655130.705882356,42180712.88235294,40575986.5882353,35716894.0,35387843.23529412,33237101.411764707,36482452.0,38530641.294117644,43394020.0,39679886.64117647
6135.066,48087101.23529412,46104076.176470585,43647585.294117644,42033973.705882356,37192683.47058824,36859219.0,34699448.941176474,37935790.0,40001972.058823526,44753959.33333333,41131580.921568625
6135.186,49536118.17647059,47553021.64705882,45114457.705882356,43491960.82352941,38668472.941176474,36859444.0,36161796.47058824,39389128.0,41473302.823529415,46113898.666666664,42436160.1254902
6145.715,50985135.11764706,49001967.11764706,46581330.11764706,44949947.941176474,40144262.4117647,38317293.47058824,37624144.0,40842466.0,42944633.5882353,47473838.0,43886501.77647059
6145.798000000001,52434152.058823526,50450912.58823529,48048202.52941176,46407935.058823526,41620051.88235294,39775142.941176474,37624369.0,42295804.0,44415964.35294118,48833777.33333333,45190631.1745098
6359.164000000001,53883169.0,51899858.058823526,49515074.941176474,47865922.17647059,43095841.35294118,41232992.4117647,39187657.9375,43749142.0,45887295.11764706,50193716.666666664,46651066.96629902
6359.263000000001,53883394.0,53348803.52941176,50981947.35294117,49323909.294117644,44571630.82352941,42690841.88235294,40750946.875,45202480.0,47358625.88235294,51553656.0,47966623.56397059
6371.785,55441889.6875,54797749.0,52448819.76470588,50781896.4117647,46047420.294117644,44148691.35294118,42314235.8125,46655818.0,48829956.64705882,52913595.33333333,49438007.23039215
6371.937,57000385.375,54797749.0,53915692.176470585,52239883.52941176,47523209.76470588,45606540.82352941,43877524.75,48109156.0,50301287.41176471,54273534.666666664,50764496.3497549
6383.139,58558881.0625,56380057.1875,55382564.58823529,53697870.64705882,48998999.23529412,47064390.294117644,45440813.6875,49562494.0,51772618.17647059,55633474.0,52249216.28786765
6399.566999999999,60117376.75,57962365.375,56849437.0,55155857.76470588,50474788.705882356,48522239.76470588,47004102.625,51015832.0,53243948.941176474,57127208.76470588,53747315.76911764
6399.647,61675872.4375,59544673.5625,56925457.0,56613844.88235294,51950578.176470585,49980089.23529412,48567391.5625,52469170.0,54715279.705882356,58620943.52941176,55106330.00919118
6414.793000000001,63234368.125,61126981.75,58401278.058823526,58071832.0,53426367.64705882,51437938.705882356,50130680.5,53922508.0,56186610.47058824,60114678.294117644,56605324.355147064
6414.955,64792863.8125,62709289.9375,59877099.11764706,58071832.0,54902157.11764706,52895788.176470585,51693969.4375,55375846.0,57657941.23529412,61608413.058823526,57958519.989338234
6428.887,66351359.5,64291598.125,61352920.176470585,59543136.294117644,56377946.58823529,54353637.64705882,53257258.375,56829184.0,59129272.0,63102147.823529415,59458846.052941166
6429.058000000001,67909855.1875,65873906.3125,62828741.23529412,61014440.5882353,57853736.058823526,55811487.11764706,54820547.3125,58282522.0,59129272.0,64595882.5882353,60812039.04007353
6436.181,69468350.875,67456214.5,64304562.294117644,62485744.88235294,59329525.52941176,57269336.58823529,56383836.25,59735860.0,60605146.176470585,66089617.35294118,62312819.44485293
6451.09,71026846.5625,69038522.6875,65780383.35294118,63957049.176470585,60805315.0,58727186.058823526,57947125.1875,61146596.833333336,62081020.35294118,67583352.11764705,63809339.732965685
6451.268,72585342.25,70620830.875,67256204.41176471,65428353.47058824,60805540.0,60185035.52941176,59510414.125,62557333.666666664,63556894.52941176,69077086.88235295,65158303.57401961
6461.436,74143837.9375,72203139.0625,68732025.47058824,66899657.76470588,62276902.52941176,61642885.0,61073703.0625,63968070.5,65032768.705882356,70570821.64705883,66654381.168014705
6475.012,75702333.625,73785447.25,70207846.52941176,68370962.05882353,63748265.058823526,63032492.666666664,62636992.0,65378807.333333336,66508642.88235294,72064556.41176471,68143634.58161764
6475.189,77260829.3125,75367755.4375,71683667.58823529,69842266.35294117,65219627.5882353,64422100.333333336,62713012.0,66789544.166666664,67984517.05882353,73558291.1764706,69484161.1014706
6687.254,78819325.0,76950063.625,73159488.64705883,71313570.64705881,66690990.11764706,65811708.0,64089949.833333336,68200281.0,69460391.23529412,75052025.94117647,70954779.40465686
6687.371999999999,78819325.0,78532371.8125,74635309.70588236,72784874.94117647,68162352.64705883,67201315.66666667,65466887.666666664,69611017.83333333,70936265.41176471,76545760.70588236,72269548.13909313
6704.344,80208890.16666667,80114680.0,76111130.76470588,74256179.23529412,69633715.1764706,68590923.33333333,66843825.5,71021754.66666667,72412139.58823529,78039495.47058824,73723273.39019607
6704.5,81598455.33333333,80114680.0,77586951.8235294,75727483.52941176,71105077.70588236,69980531.0,68220763.33333333,72432491.5,73888013.76470588,79533230.23529412,75018767.82254902
6716.418000000001,82988020.5,81470476.0,79062772.88235295,77198787.8235294,72576440.23529412,71370138.66666667,69597701.16666667,73843228.33333333,75363887.94117647,81026965.0,76449841.85490195
6716.57,84377585.66666667,82826272.0,80538593.94117647,78670092.11764705,74047802.76470588,72759746.33333333,70974639.0,75253965.16666667,76839762.11764705,81026965.0,77731542.41078432
6729.665,85767150.83333333,84182068.0,82014415.0,80141396.41176471,75519165.29411764,74149354.0,72351576.83333333,76664702.0,78315636.29411764,82458049.88235295,79156351.45490196
6729.795999999999,87156716.0,85537864.0,82014640.0,81612700.70588236,76990527.8235294,75538961.66666667,73728514.66666667,78075438.83333333,79791510.47058824,83889134.76470588,80433600.89313726
6743.691,88546281.16666667,86893660.0,83445685.35294117,83084005.0,78461890.35294119,76928569.33333333,75105452.5,79486175.66666666,81267384.64705881,85320219.64705883,81853932.36666667
6743.861999999999,89935846.33333333,88249456.0,84876730.70588236,83084005.0,79933252.88235295,78318177.0,76482390.33333333,80896912.5,82743258.8235294,86751304.52941176,83127133.4107843
6758.848000000001,91325411.5,89605252.0,86307776.05882353,84506106.64705883,81404615.41176471,79707784.66666667,77859328.16666667,82307649.33333333,84219133.0,88182389.41176471,84542544.61960784
6758.933000000001,92714976.66666667,90961048.0,87738821.41176471,85928208.29411764,82875977.94117647,81097392.33333334,79236266.0,83718386.16666666,84219133.0,89613474.29411764,85810368.41078432
6770.485,94104541.83333333,92316844.0,89169866.76470588,87350309.94117647,84347340.47058824,82487000.0,80613203.83333333,85129123.0,85636749.64705883,91044559.1764706,87219953.86666667
6779.651999999999,95494107.0,93672640.0,90600912.11764705,88772411.58823529,85818703.0,83876607.66666667,81990141.66666666,86546779.35294117,87054366.29411764,92475644.05882353,88630231.27450982
6779.83,96883672.16666667,95028436.0,92031957.47058824,90194513.23529412,85818703.0,85266215.33333334,83367079.5,87964435.70588236,88471982.94117647,93906728.94117647,89893372.42941177
6789.871999999999,98273237.33333334,96384232.0,93463002.8235294,91616614.88235295,87254259.64705883,86655823.0,84744017.33333333,89382092.05882353,89889599.58823529,95337813.8235294,91300069.2490196
6789.967,99662802.5,97740028.0,94894048.1764706,93038716.52941176,88689816.29411764,86655823.0,86120955.16666666,90799748.41176471,91307216.23529412,96768898.70588236,92567805.30196078
6801.512,101052367.66666667,99095824.0,96325093.52941176,94460818.1764706,90125372.94117647,88104768.47058824,87497893.0,92217404.76470588,92724832.88235295,98199983.58823529,93980435.90196079
6801.595,102441932.83333334,100451620.0,97756138.88235295,95882919.8235294,91560929.58823529,89553713.94117647,87497893.0,93635061.11764705,94142449.52941176,99631068.47058824,95255372.71862745
7016.840999999999,103831498.0,101807416.0,99187184.23529412,97305021.47058824,92996486.23529412,91002659.41176471,88964778.47058824,95052717.47058824,95560066.1764706,101062153.35294119,96676998.08235295
7016.92,103831498.0,103163212.0,100618229.58823529,98727123.11764705,94432042.88235295,92451604.88235295,90431663.94117647,96470373.8235294,96977682.8235294,102493238.23529412,97959666.92941175
7025.6669999999995,,104519008.0,102049274.94117647,100149224.76470588,95867599.52941176,93900550.35294117,91898549.41176471,97888030.1764706,98395299.47058824,103924323.11764705,98732428.8627451
7037.206,,,103480320.29411764,101571326.41176471,97303156.1764706,95349495.8235294,93365434.88235295,99305686.52941176,99812916.11764705,105355408.0,99442968.02941178
7037.36,,,104911365.64705881,102993428.05882353,98738712.8235294,96798441.29411764,94832320.35294117,100723342.88235295,101230532.76470588,105431653.0,100707474.60294117
7050.099,,,106342411.0,104415529.70588236,100174269.47058824,98247386.76470588,96299205.8235294,102140999.23529412,102648149.41176471,,101466850.20168068
7050.281,,,106342411.0,105837631.35294119,101609826.11764705,99696332.23529412,97766091.29411764,103558655.58823529,104065766.05882353,,102696673.37815125
7061.419,,,,107259733.0,103045382.76470588,101145277.70588236,99232976.76470588,104976311.94117647,105483382.70588236,,103523844.14705883
7061.5740000000005,,,,107259733.0,104480939.41176471,102594223.1764706,100699862.23529412,106393968.29411764,106900999.35294119,,104721620.9117647
7076.058000000001,,,,,105916496.05882353,104043168.64705881,102166747.70588236,107811624.64705881,108318616.0,,105651330.6117647
7087.441,,,,,107352052.70588236,105492114.11764705,103633633.1764706,109229281.0,,,106426770.25
7087.564,,,,,108787609.35294119,106941059.58823529,105100518.64705881,109229281.0,,,107514617.14705881
7101.076,,,,,110223166.0,108390005.05882353,106567404.11764705,,,,108393525.05882353
7101.182,,,,,110223166.0,109838950.52941176,108034289.58823529,,,,109365468.70588236
7113.871999999999,,,,,,111287896.0,109501175.05882353,,,,110394535.52941176
7113.960999999999,,,,,,111287896.0,110968060.52941176,,,,111127978.26470588
7129.871999999999,,,,,,,112434946.0,,,,112434946.0
7130.033,,,,,,,112434946.0,,,,112434946.0
